<?xml version="1.0" encoding="UTF-8"?>
<model package="dbadmin" baseClass="xPDOObject" platform="mysql" defaultEngine="InnoDB" phpdoc-package="dbadmin" phpdoc-subpackage="model" version="1.1">
    <object class="dbAdminTable" table="dbadmin_tables_map" extends="xPDOObject">
        <field key="name" dbtype="varchar" precision="255" phptype="string" null="false" default=""/>
        <field key="class" dbtype="varchar" precision="100" phptype="string" null="true"/>
        <field key="package" dbtype="varchar" precision="255" phptype="string" null="true"/>

        <index alias="PRIMARY" name="PRIMARY" primary="true" unique="true" type="BTREE">
            <column key="name" length="" collation="A" null="false"/>
        </index>
        <index alias="class" name="class" primary="false" unique="false" type="BTREE">
            <column key="class" length="" collation="A" null="false"/>
        </index>
    </object>
</model>
